<?xml version="1.0" encoding="UTF-8"?>
<project xmlns="http://maven.apache.org/POM/4.0.0" xmlns:xsi="http://www.w3.org/2001/XMLSchema-instance"
		 xsi:schemaLocation="http://maven.apache.org/POM/4.0.0 http://maven.apache.org/xsd/maven-4.0.0.xsd">
	<modelVersion>4.0.0</modelVersion>

	<groupId>com.company</groupId>
	<artifactId>bowlingGame</artifactId>
	<version>1.0-SNAPSHOT</version>

	<properties>
		<project.build.sourceEncoding>UTF-8</project.build.sourceEncoding>
		<maven.compiler.source>1.8</maven.compiler.source>
		<maven.compiler.target>${maven.compiler.source}</maven.compiler.target>
		<junit.jupiter.version>5.3.2</junit.jupiter.version>
	</properties>

	<dependencies>
		<dependency>
			<groupId>org.junit.jupiter</groupId>
			<artifactId>junit-jupiter-api</artifactId>
			<version>${junit.jupiter.version}</version>
			<scope>test</scope>
		</dependency>
		<dependency>
			<groupId>org.junit.jupiter</groupId>
			<artifactId>junit-jupiter-params</artifactId>
			<version>${junit.jupiter.version}</version>
			<scope>test</scope>
		</dependency>
		<dependency>
			<groupId>org.junit.jupiter</groupId>
			<artifactId>junit-jupiter-engine</artifactId>
			<version>${junit.jupiter.version}</version>
			<scope>test</scope>
		</dependency>
	</dependencies>

	<build>
		<plugins>
			<!-- JUnit 5 requires Surefire version 2.22.1 or higher -->
			<plugin>
				<artifactId>maven-surefire-plugin</artifactId>
				<version>2.22.1</version>
			</plugin>
		</plugins>
	</build>
</project>